date,BlkCnt,CapMrktCurUSD,TxCnt,AdrActCnt,PriceUSD,Trends,FearGreed
2019-11-27,139.0,136015452003.77501,312560.0,812540.0,7526.86381654004,0.5875,0.2
2019-11-28,163.0,134394712380.75812,316000.0,716192.0,7436.3363817066,0.5454166666666667,0.32
2019-11-29,136.0,140035753824.32825,305085.0,730014.0,7747.73804208066,0.5020833333333333,0.31
2019-11-30,126.0,136585605232.84554,284912.0,683831.0,7556.19372121567,0.47291666666666665,0.38
2019-12-01,139.0,134095575599.21852,268135.0,593329.0,7417.72720601987,0.47,0.25
2019-12-02,145.0,132311649481.68289,318601.0,749060.0,7318.31252180012,0.49666666666666665,0.28
2019-12-03,158.0,132111542796.43445,333969.0,744688.0,7306.44623331385,0.6496,0.28
2019-12-04,167.0,130473486507.8814,332204.0,749562.0,7215.02034482759,0.8016666666666667,0.24
2019-12-05,145.0,133905907021.29042,319133.0,746859.0,7404.0867949737,0.7579166666666667,0.21
2019-12-06,145.0,136272863879.84613,311069.0,748047.0,7534.2083559322,0.73625,0.29
2019-12-07,155.0,135886841741.42656,282629.0,642350.0,7512.06140263004,0.6791666666666667,0.32
2019-12-08,148.0,136206094715.73811,278763.0,587017.0,7528.94026943308,0.63875,0.28
2019-12-09,148.0,132805669774.6542,316995.0,803439.0,7340.22745908825,0.7079166666666667,0.32
2019-12-10,148.0,130862566069.28896,321466.0,803226.0,7232.09178375219,0.6931999999999999,0.26
2019-12-11,132.0,130302159494.60497,288155.0,771631.0,7200.46444599649,0.6758333333333333,0.2
2019-12-12,133.0,130176306232.11562,310072.0,722853.0,7192.84902425482,0.6745833333333333,0.23
2019-12-13,152.0,131132158335.25366,329512.0,746512.0,7244.90372004676,0.6529166666666667,0.22
2019-12-14,151.0,127999800420.60495,291279.0,623464.0,7071.10709029807,0.6425,0.27
2019-12-15,124.0,128738145823.27989,258366.0,657604.0,7111.28666995909,0.6083333333333334,0.21
2019-12-16,157.0,124607959806.08746,330126.0,777556.0,6882.39579532437,0.70125,0.24
2019-12-17,141.0,119669002105.71835,314849.0,875713.0,6608.96197983635,0.7504000000000001,0.23
2019-12-18,134.0,131915496849.08093,318200.0,751472.0,7284.6254836353,0.7125,0.15
2019-12-19,157.0,129422222016.77725,319162.0,725702.0,7146.16763763881,0.66375,0.21
2019-12-20,156.0,130125371827.72862,332107.0,708265.0,7184.21917206312,0.5983333333333334,0.23
2019-12-21,176.0,129345551109.71739,305042.0,610208.0,7140.29801127995,0.5325,0.23
2019-12-22,169.0,135504182500.00662,282133.0,589250.0,7479.40240789012,0.5316666666666666,0.2
2019-12-23,143.0,132661061513.20563,313917.0,727796.0,7321.7487238457,0.62375,0.33
2019-12-24,125.0,131111985464.01056,283750.0,649535.0,7235.62908381064,0.684,0.25
2019-12-25,128.0,130317953564.19281,241535.0,537049.0,7191.17416569258,0.5375,0.22
2019-12-26,167.0,130395775601.22531,302825.0,653003.0,7194.63975832846,0.7654166666666667,0.39
2019-12-27,145.0,131179357399.31564,325259.0,721861.0,7237.15044728229,0.7525,0.38
2019-12-28,149.0,132452581795.07286,291276.0,611206.0,7306.64330829924,0.7333333333333333,0.37
2019-12-29,155.0,134006582388.63812,281440.0,589993.0,7391.578521391,0.7283333333333333,0.37
2019-12-30,166.0,131081294265.51053,326626.0,735877.0,7229.3971006429,0.75,0.4
2019-12-31,145.0,129970082372.67699,289968.0,657164.0,7167.39505464641,0.6248,0.38
2020-01-01,174.0,130044373322.33379,251867.0,524360.0,7170.63186879018,0.3745833333333334,0.37
2020-01-02,141.0,125997729470.88751,291935.0,671016.0,6946.82526914085,0.6154166666666666,0.39
2020-01-03,169.0,132696546617.94122,323153.0,721747.0,7315.3093603156,0.6783333333333332,0.38
2020-01-04,168.0,133217241900.65343,282301.0,611397.0,7343.16419438925,0.61625,0.38
2020-01-05,163.0,133275140628.50085,288212.0,597061.0,7345.53069181765,0.6266666666666666,0.39
2020-01-06,135.0,140913446583.57416,297843.0,724219.0,7765.7977346581,0.7008333333333333,0.41
2020-01-07,176.0,147650387097.9029,347212.0,775757.0,8136.08684190532,0.758,0.4
2020-01-08,142.0,146278447249.11566,318633.0,754553.0,8059.69952887201,0.7758333333333333,0.51
2020-01-09,157.0,141891415486.24527,322838.0,773570.0,7817.13609322034,0.6108333333333333,0.44
2020-01-10,149.0,147582148237.8166,332463.0,792103.0,8129.81791992987,0.58625,0.41
2020-01-11,163.0,145822905688.42953,303555.0,640445.0,8032.00549503215,0.5504166666666667,0.5
2020-01-12,151.0,148244692101.63885,278853.0,581504.0,8164.54999316189,0.5066666666666666,0.45
2020-01-13,143.0,147485275164.18646,299786.0,705443.0,8121.92566762127,0.5333333333333333,0.49
2020-01-14,145.0,160362182649.78302,346978.0,850757.0,8830.16787346581,0.68,0.56
2020-01-15,151.0,160038851605.64972,328833.0,759192.0,8811.44820251315,0.64875,0.54
2020-01-16,159.0,158371394895.92358,326587.0,739283.0,8718.68699801286,0.5466666666666666,0.55
2020-01-17,159.0,161910403912.36758,323884.0,756728.0,8912.54190414962,0.5579166666666666,0.54
2020-01-18,132.0,162209239871.51685,290970.0,649187.0,8928.1807565751,0.5154166666666666,0.51
2020-01-19,150.0,157850148001.62515,282105.0,622774.0,8687.35483664524,0.5595833333333333,0.53
2020-01-20,152.0,156938136300.68027,312967.0,741539.0,8636.2587862069,0.5229166666666667,0.48
2020-01-21,153.0,158674065182.0027,311835.0,756250.0,8730.86756019871,0.6424,0.49
2020-01-22,156.0,157183091622.76913,326380.0,771727.0,8647.90047399182,0.7095833333333332,0.52
2020-01-23,159.0,152082924891.57297,337280.0,789764.0,8366.38461396844,0.71125,0.49
2020-01-24,152.0,153135182382.82776,311823.0,720051.0,8423.39095815313,0.68375,0.4
2020-01-25,164.0,151723062490.33078,283292.0,665971.0,8344.77456896552,0.62625,0.41
2020-01-26,143.0,155903844151.00034,256739.0,544915.0,8573.87480958504,0.59625,0.42
2020-01-27,129.0,161883952905.7292,285400.0,726725.0,8901.95928486265,0.71,0.5
2020-01-28,142.0,169091413723.46133,339784.0,812560.0,9297.3883176505,0.7716,0.54
2020-01-29,160.0,169374825966.0464,340075.0,767507.0,9311.94754354179,0.75375,0.57
2020-01-30,156.0,172976113948.8801,332584.0,765495.0,9508.92096493279,0.7404166666666667,0.57
2020-01-31,144.0,170234553906.81723,329369.0,762130.0,9357.28478240795,0.69875,0.55
2020-02-01,151.0,170699826042.57834,304884.0,743933.0,9381.88602863822,0.6191666666666666,0.57
2020-02-02,143.0,169943267782.81882,292383.0,706042.0,9339.38706312098,0.6216666666666666,0.57
2020-02-03,148.0,168876392941.6707,336226.0,879860.0,9279.81252051432,0.6483333333333333,0.59
2020-02-04,132.0,166740743006.20746,307816.0,764885.0,9161.62719772063,0.6452,0.56
2020-02-05,159.0,175250308848.13208,363153.0,823713.0,9628.13677586207,0.6820833333333333,0.53
2020-02-06,135.0,177289768826.43756,321928.0,765225.0,9739.2804364699,0.7208333333333333,0.61
2020-02-07,139.0,178417196310.33414,333319.0,865396.0,9800.27939982466,0.6908333333333333,0.56
2020-02-08,139.0,180455462436.1386,315526.0,709380.0,9911.29340841613,0.6504166666666668,0.56
2020-02-09,153.0,184840742312.64767,318974.0,695691.0,10151.0832026885,0.8504166666666667,0.56
2020-02-10,122.0,179780570081.514,295461.0,703356.0,9872.36187305669,0.7516666666666667,0.57
2020-02-11,148.0,187081233587.23752,361869.0,885934.0,10272.2225558738,0.7556,0.52
2020-02-12,142.0,188700718413.703,350973.0,822547.0,10360.1352229106,0.8495833333333332,0.61
2020-02-13,141.0,186448589139.1426,336765.0,815808.0,10235.4973226184,0.7791666666666667,0.65
2020-02-14,135.0,188763431392.39105,329123.0,741471.0,10361.6156901812,0.6870833333333333,0.63
2020-02-15,142.0,180585098507.1185,316931.0,736640.0,9911.72432700175,0.66875,0.64
2020-02-16,142.0,181337408895.616,299527.0,655188.0,9952.04661157218,0.6570833333333332,0.59
2020-02-17,157.0,176455532970.77463,337935.0,773751.0,9683.0796277031,0.6858333333333333,0.49
2020-02-18,150.0,185808950969.89786,327054.0,783570.0,10195.3037904734,0.6592,0.53
2020-02-19,141.0,175632690004.1369,340104.0,792783.0,9636.00229865576,0.6658333333333333,0.5
2020-02-20,126.0,175247351456.8183,311982.0,766448.0,9614.03012244302,0.6566666666666667,0.44
2020-02-21,154.0,176865876880.39227,341390.0,768521.0,9701.79750268849,0.5991666666666666,0.44
2020-02-22,148.0,176399792167.0473,300166.0,660812.0,9675.24905756868,0.52375,0.43
2020-02-23,142.0,181843236236.8033,289114.0,622397.0,9972.84242308591,0.5375,0.46
2020-02-24,141.0,175937259068.28143,328045.0,758122.0,9648.00788310929,0.285,0.46
2020-02-25,144.0,170415547339.4431,339313.0,743278.0,9344.28714009351,0.0,0.44
2020-02-26,136.0,160483857843.05478,328537.0,778003.0,8798.88894856809,,0.41
2020-02-27,147.0,160137770415.14587,338194.0,777389.0,8779.02948188194,,0.39
2020-02-28,158.0,159636352746.77158,361653.0,778213.0,8750.59344599649,,0.4
2020-02-29,139.0,156577275161.49323,309086.0,679597.0,8582.09029964933,,0.38
2020-03-01,177.0,155860614930.09494,312717.0,674209.0,8541.77389392169,,0.39
2020-03-02,149.0,162527106819.9153,341655.0,829550.0,8906.21475645821,,0.38
2020-03-03,153.0,160036426101.82806,346828.0,840712.0,8768.81061420222,,0.38
2020-03-04,167.0,159827648015.21225,350503.0,857423.0,8756.36957218001,,0.4
2020-03-05,163.0,165435942800.14697,350421.0,793221.0,9062.61580274693,,0.41
2020-03-06,155.0,166995631895.5666,338758.0,804945.0,9147.08505897136,,0.39
2020-03-07,157.0,162471226444.75668,313782.0,682432.0,8898.30695675044,,0.38
2020-03-08,158.0,148086770498.23337,304534.0,654911.0,8109.61454114553,,0.33
2020-03-09,150.0,144207873678.32483,347351.0,809850.0,7896.38531987142,,0.17
2020-03-10,132.0,144468246215.19913,329508.0,807778.0,7909.92787545295,,0.16
2020-03-11,119.0,145017268327.98508,290284.0,728889.0,7939.34133477499,,0.17
2020-03-12,151.0,90594467680.79959,346057.0,909601.0,4959.31341437756,,0.14
2020-03-13,125.0,102812902144.09328,279662.0,786409.0,5627.69238836938,,0.1
2020-03-14,128.0,94005928118.49553,276029.0,772769.0,5145.17250642899,,0.08
2020-03-15,119.0,97913564614.60316,224876.0,629326.0,5358.61066335476,,0.12
2020-03-16,119.0,91604630050.69981,269587.0,725120.0,5012.92738778492,,0.09
2020-03-17,123.0,98992369512.90936,279277.0,765477.0,5416.7547106955,0.48,0.08
2020-03-18,100.0,98555627712.75357,233212.0,633373.0,5392.48783594389,0.7679166666666667,0.11
2020-03-19,107.0,113387305928.47572,265543.0,709786.0,6203.5516320865,0.8216666666666668,0.12
2020-03-20,109.0,112858311337.38545,282852.0,734614.0,6174.14947603741,0.8258333333333333,0.09
2020-03-21,124.0,112898621139.26903,238359.0,637554.0,6175.83102220924,0.705,0.09
2020-03-22,127.0,106596093106.52202,215499.0,579901.0,5830.56097960257,0.6304166666666666,0.11
2020-03-23,112.0,118595581239.08948,256978.0,667486.0,6486.40865733489,0.6633333333333333,0.1
2020-03-24,132.0,123884332494.96886,280363.0,736233.0,6775.05761893629,0.8128,0.12
2020-03-25,92.0,122336150605.96745,219772.0,587460.0,6689.96901285798,0.8204166666666667,0.13
2020-03-26,160.0,123528980419.07896,286521.0,889704.0,6754.46033606078,0.76375,0.14
2020-03-27,155.0,118719519155.59431,273175.0,807651.0,6490.79541502046,0.7241666666666667,0.12
2020-03-28,135.0,113993258453.11455,241957.0,627230.0,6231.81989023963,0.7491666666666668,0.08
2020-03-29,151.0,108023566970.573,234751.0,591287.0,5904.85758679135,0.7279166666666668,0.12
2020-03-30,147.0,117768692186.59363,278279.0,770915.0,6436.90570017534,0.735,0.1
2020-03-31,159.0,117698734312.41174,288338.0,816889.0,6432.3832421391,0.6731999999999999,0.12
2020-04-01,153.0,121567284407.78577,285331.0,824108.0,6643.11000870836,0.6741666666666667,0.12
2020-04-02,153.0,124318508345.33902,300020.0,798186.0,6792.74222209234,0.7666666666666667,0.14
2020-04-03,132.0,123582214925.00829,276158.0,750332.0,6751.90255178258,0.7245833333333332,0.14
2020-04-04,157.0,125574021300.84401,255653.0,657862.0,6859.98916867329,0.6645833333333333,0.12
2020-04-05,175.0,124322577425.2926,237774.0,596364.0,6790.81247264758,0.6504166666666668,0.12
2020-04-06,128.0,133622754419.986,282652.0,780832.0,7298.17374517826,0.7604166666666667,0.12
2020-04-07,168.0,131613224221.5547,310534.0,938358.0,7187.59333664524,0.8472,0.2
2020-04-08,144.0,135006761796.008,283150.0,760207.0,7372.19476399766,0.8325,0.21
2020-04-09,154.0,133691006813.91693,289249.0,730620.0,7299.57918790181,0.805,0.22
2020-04-10,163.0,125650890516.87971,286082.0,735297.0,6859.82267475161,0.8629166666666667,0.15
2020-04-11,159.0,126092446156.63507,249141.0,634944.0,6883.18222895967,0.77875,0.15
2020-04-12,153.0,127854957413.5737,232510.0,618062.0,6978.66628661601,0.7725,0.1
2020-04-13,171.0,125761070198.93243,281944.0,764583.0,6863.57553319696,0.82875,0.11
2020-04-14,168.0,125994705942.76488,303129.0,843493.0,6875.53850344828,0.7787999999999999,0.15
2020-04-15,169.0,121426285928.7838,309402.0,926278.0,6625.47577510228,0.7741666666666667,0.18
2020-04-16,154.0,130646051882.06584,321911.0,880665.0,7127.79228223261,0.8145833333333333,0.13
2020-04-17,127.0,129806876584.3978,287202.0,844316.0,7081.39519842197,0.7733333333333333,0.15
2020-04-18,158.0,133146355855.41402,285552.0,847811.0,7262.79234360023,0.7566666666666667,0.18
2020-04-19,152.0,131096633928.62564,254065.0,718815.0,7150.2442154588,0.7325,0.16
2020-04-20,161.0,125665595004.13223,307154.0,842251.0,6853.27341478667,0.75125,0.15
2020-04-21,149.0,125992868717.38625,311455.0,818062.0,6870.42369865576,0.7512000000000001,0.17
2020-04-22,131.0,130648436527.64308,283681.0,762361.0,7123.65691992987,0.7125,0.19
2020-04-23,142.0,137354908752.06412,327396.0,935989.0,7488.60516528346,0.7954166666666667,0.19
2020-04-24,144.0,137695605129.5817,317682.0,893187.0,7506.44331648159,0.8145833333333333,0.2
2020-04-25,136.0,138282481992.70456,278517.0,813456.0,7537.73820911748,0.7908333333333333,0.24
2020-04-26,137.0,140980122465.1078,257046.0,724250.0,7684.06852168322,0.8045833333333333,0.21
2020-04-27,141.0,142707868307.3903,311090.0,876229.0,7777.49151858562,0.8233333333333333,0.28
2020-04-28,154.0,142583524348.09668,326468.0,926669.0,7769.89969842197,0.5936,0.26
2020-04-29,145.0,160802206508.21957,330308.0,911617.0,8761.83716954997,0.5983333333333334,0.26
2020-04-30,135.0,158808556147.54883,320861.0,947585.0,8652.4109912332,0.7108333333333333,0.44
2020-05-01,141.0,162552358585.9274,330551.0,955523.0,8855.53525827002,0.5583333333333333,0.4
2020-05-02,148.0,164803746448.9257,292646.0,970554.0,8977.28170537697,0.5179166666666667,0.4
2020-05-03,168.0,163344877181.00287,283545.0,909805.0,8896.7956383986,0.5341666666666667,0.45
2020-05-04,158.0,163089932635.14145,324017.0,889636.0,8881.95430450029,0.5054166666666666,0.44
2020-05-05,158.0,165015950017.1822,327645.0,970464.0,8985.8795993571,0.3776,0.4
2020-05-06,154.0,170192827716.01007,334650.0,972369.0,9266.8130730567,0.30875,0.42
2020-05-07,147.0,183562058560.50378,343684.0,1020443.0,9993.75317685564,0.37375,0.49
2020-05-08,137.0,181109783310.85468,324693.0,949216.0,9859.32360461718,0.42583333333333334,0.55
2020-05-09,136.0,175946177530.5424,310119.0,906900.0,9577.33892238457,0.3625,0.56
2020-05-10,170.0,160123200654.1847,283795.0,869262.0,8715.03329322034,0.48125,0.48
2020-05-11,157.0,157871609470.3379,311653.0,999192.0,8591.65288433665,0.5425,0.4
2020-05-12,146.0,162025014405.08948,342304.0,954129.0,8817.25068112215,0.7164,0.39
2020-05-13,119.0,171325501477.10483,299956.0,858458.0,9322.99720204559,0.7941666666666667,0.41
2020-05-14,114.0,180121529585.91864,268116.0,880861.0,9801.26948772647,0.8183333333333332,0.4
2020-05-15,125.0,171410710236.33826,311224.0,895670.0,9326.87585891292,0.7154166666666667,0.44
2020-05-16,126.0,172678841534.62964,295280.0,880534.0,9395.4753893045,0.64625,0.41
2020-05-17,102.0,177960818089.34174,236007.0,763444.0,9682.5324811806,0.6654166666666668,0.4
2020-05-18,128.0,178783137073.02304,275691.0,970423.0,9726.85002209235,0.67625,0.5
2020-05-19,115.0,179292877588.71863,272964.0,890493.0,9754.20146201052,0.7212000000000001,0.5
2020-05-20,115.0,174915846484.68948,276199.0,865708.0,9515.702550263,0.8004166666666667,0.52
2020-05-21,131.0,166708415917.14926,302259.0,928630.0,9068.80122933957,0.84125,0.49
2020-05-22,111.0,168424610263.70425,278942.0,797526.0,9161.81503389831,0.7745833333333333,0.42
2020-05-23,119.0,168833062758.505,267042.0,848702.0,9183.66212507305,0.7083333333333333,0.4
2020-05-24,116.0,161900721760.6346,216545.0,807939.0,8806.23065715956,0.71625,0.43
2020-05-25,125.0,163800615663.85916,267395.0,828919.0,8909.19258153127,0.7779166666666667,0.41
2020-05-26,124.0,162445913210.84167,286759.0,852839.0,8835.13725336061,0.6115999999999999,0.39
2020-05-27,138.0,168593394454.69797,299984.0,913075.0,9169.05743921683,0.5129166666666667,0.39
2020-05-28,131.0,175941484285.82523,299064.0,866559.0,9568.26185300994,0.50875,0.41
2020-05-29,127.0,173450984634.7825,282773.0,852420.0,9432.41333343074,0.5,0.48
2020-05-30,156.0,178228052044.65002,284116.0,902498.0,9691.68049117475,0.48333333333333334,0.48
2020-05-31,150.0,173497171389.70322,258529.0,801889.0,9433.94384663939,0.48333333333333334,0.51
2020-06-01,134.0,187578142707.61478,302044.0,870833.0,10199.1350542373,0.48625,0.5
2020-06-02,129.0,174954690421.54974,308948.0,899961.0,9512.34653302163,0.7464,0.56
2020-06-03,139.0,177352731439.34332,311153.0,950153.0,9642.27340035067,0.64125,0.48
2020-06-04,151.0,180508843644.39648,315771.0,884109.0,9813.36067913501,0.6133333333333334,0.54
2020-06-05,179.0,177365595706.9578,331389.0,918647.0,9641.8916225599,0.59625,0.53
2020-06-06,196.0,177870046318.4762,281291.0,771819.0,9668.67053857393,0.5491666666666667,0.54
2020-06-07,159.0,179331395772.25357,254724.0,690992.0,9747.58011104617,0.5579166666666666,0.54
2020-06-08,162.0,179741658882.79865,316297.0,986341.0,9769.34236148451,0.5641666666666666,0.53
2020-06-09,160.0,179936892008.73267,328115.0,910121.0,9779.42216566335,0.6688,0.52
2020-06-10,164.0,181952982732.76926,324907.0,909669.0,9888.44417469316,0.74375,0.54
2020-06-11,185.0,170721091857.55527,336672.0,1048342.0,9277.45116931619,0.8083333333333332,0.52
2020-06-12,163.0,174019304039.34656,309817.0,909615.0,9456.16153331385,0.7625,0.38
2020-06-13,158.0,174123830972.77356,283164.0,800767.0,9461.33379865576,0.675,0.38
2020-06-14,170.0,171955158128.0987,279097.0,698545.0,9342.955635301,0.66875,0.4
2020-06-15,138.0,173774840415.62903,292792.0,867844.0,9441.38321127995,0.75375,0.37
2020-06-16,150.0,175232451346.34097,343031.0,986219.0,9520.09194827586,0.7787999999999999,0.39
2020-06-17,138.0,173926399830.38492,330975.0,918592.0,9448.69356060783,0.7758333333333333,0.38
2020-06-18,123.0,172853049353.4523,283106.0,854866.0,9389.99076639392,0.7425,0.4
2020-06-19,143.0,170946908488.14093,345029.0,947402.0,9285.99158293396,0.7191666666666667,0.39
2020-06-20,137.0,172267506962.9833,281510.0,760742.0,9357.29246446522,0.6941666666666667,0.38
2020-06-21,146.0,170940831096.1998,256980.0,710176.0,9284.76937182934,0.6720833333333333,0.37
2020-06-22,143.0,178311094487.316,307776.0,850006.0,9684.62018474576,0.7520833333333333,0.38
2020-06-23,158.0,176978474354.71844,351192.0,1034537.0,9611.72599824664,0.8092,0.41
2020-06-24,139.0,171116880435.06366,311143.0,917620.0,9292.94354354179,0.8091666666666667,0.5
2020-06-25,141.0,170281277784.0368,315538.0,901033.0,9247.12143249561,0.8004166666666667,0.43
2020-06-26,164.0,168676013923.73868,328405.0,929963.0,9159.43777206312,0.7829166666666667,0.4
2020-06-27,138.0,165787526267.54556,272210.0,761896.0,9002.16561718293,0.7679166666666667,0.43
2020-06-28,150.0,167746363406.58917,265941.0,686270.0,9108.06567457627,0.7966666666666667,0.4
2020-06-29,145.0,169157750925.37515,314488.0,962232.0,9184.24736627703,0.77625,0.41
2020-06-30,147.0,168424268927.21072,306323.0,926238.0,9143.96758530099,0.7772,0.44
2020-07-01,162.0,170227137442.6157,378081.0,1078007.0,9241.33961239041,0.77375,0.42
2020-07-02,164.0,167529570926.75986,339419.0,951042.0,9094.38728679135,0.7633333333333333,0.42
2020-07-03,163.0,167028603057.3506,327948.0,944676.0,9066.69069661017,0.7341666666666667,0.41
2020-07-04,157.0,168134212097.31125,292761.0,799989.0,9126.21955493863,0.7025,0.4
2020-07-05,163.0,167284838602.93985,273114.0,771473.0,9079.61401808884,0.7066666666666667,0.38
2020-07-06,154.0,172071754943.9324,337284.0,989688.0,9338.94259117475,0.76,0.4
2020-07-07,161.0,170482056186.43045,349022.0,969354.0,9252.15873261251,0.6948000000000001,0.43
2020-07-08,151.0,173852067499.54385,347004.0,1024085.0,9434.56795645821,0.67,0.44
2020-07-09,164.0,170119612182.24487,360126.0,1033334.0,9231.50234751607,0.65375,0.44
2020-07-10,161.0,171118891700.69153,345294.0,976205.0,9285.22101542957,0.6229166666666667,0.41
2020-07-11,156.0,170242376319.11676,310565.0,885970.0,9237.17100818235,0.5920833333333334,0.44
2020-07-12,152.0,171208222386.19006,280425.0,745665.0,9289.09797691408,0.5954166666666666,0.41
2020-07-13,147.0,170249528195.09436,311275.0,909653.0,9236.62250116891,0.62375,0.43
2020-07-14,144.0,170695336818.95126,357160.0,993499.0,9260.3569868498,0.3204,0.43
2020-07-15,138.0,169530356543.2783,318436.0,971186.0,9196.72555897136,0.08833333333333333,0.44
2020-07-16,136.0,168355901495.54816,347671.0,966383.0,9132.59231209818,0.10583333333333333,0.43
2020-07-17,118.0,168802806794.04153,290533.0,847984.0,9156.46870976037,0.08041666666666666,0.41
2020-07-18,130.0,169168582934.48605,313304.0,892684.0,9175.90530859147,0.11291666666666667,0.44
2020-07-19,131.0,169967724887.16434,274629.0,872974.0,9218.84231081239,0.0725,0.41
2020-07-20,141.0,169023500679.14856,312187.0,940265.0,9167.19056750439,0.06916666666666667,0.44
2020-07-21,125.0,173112681691.1186,313100.0,927506.0,9388.57434979544,0.1916,0.44
2020-07-22,144.0,175752143889.948,362798.0,1017627.0,9531.2574301578,0.26958333333333334,0.5
2020-07-23,136.0,177196924217.30652,336506.0,977856.0,9609.16671537113,0.29875,0.55
2020-07-24,161.0,176080450187.27267,369218.0,1083981.0,9548.1007270602,0.28875,0.53
2020-07-25,142.0,178935530196.2443,290603.0,972156.0,9702.45279047341,0.2966666666666667,0.55
2020-07-26,158.0,183213878780.36783,301312.0,999311.0,9933.90655423729,0.35,0.55
2020-07-27,149.0,203744198144.59204,325521.0,1022491.0,11046.5083295149,0.5116666666666666,0.58
2020-07-28,145.0,201874736728.9706,354433.0,1059084.0,10944.6129789012,0.6696,0.76
2020-07-29,148.0,205042054834.9217,348023.0,1039672.0,11115.7712819988,0.635,0.71
2020-07-30,135.0,205413351537.44217,329417.0,968423.0,11135.3907261835,0.5666666666666667,0.76
2020-07-31,153.0,209165345431.3837,355688.0,1062923.0,11338.1973407949,0.5770833333333334,0.75
2020-08-01,137.0,217650107985.90485,292274.0,954055.0,11797.5821265342,0.6979166666666667,0.75
2020-08-02,141.0,204680087352.34372,287133.0,950873.0,11094.0206841321,0.735,0.8
2020-08-03,162.0,207312688746.4309,334722.0,1080975.0,11236.0956805377,0.6083333333333334,0.75
2020-08-04,145.0,206705783553.83926,331448.0,1003351.0,11202.651909059,0.6559999999999999,0.72
2020-08-05,129.0,216287626623.5641,291603.0,957619.0,11721.4384715956,0.7545833333333333,0.75
2020-08-06,156.0,217182425567.12646,355285.0,1120216.0,11769.3091081239,0.8083333333333332,0.79
2020-08-07,152.0,214050110955.4352,327415.0,1049182.0,11598.9690585038,0.75875,0.77
2020-08-08,142.0,216718673196.2909,277399.0,951540.0,11743.0086350088,0.6941666666666667,0.77
2020-08-09,156.0,215576777624.0283,275199.0,911571.0,11680.5173661601,0.6766666666666667,0.79
2020-08-10,137.0,219090872112.69235,307280.0,967780.0,11870.3695447107,0.7758333333333333,0.78
2020-08-11,154.0,210284480461.03638,348465.0,1086328.0,11392.6440884278,0.726,0.84
2020-08-12,157.0,213671208433.45825,342524.0,1049344.0,11575.5124736996,0.66,0.75
2020-08-13,147.0,217335699187.2392,330257.0,952528.0,11773.4481155465,0.64125,0.75
2020-08-14,167.0,217365712666.77783,364429.0,1086754.0,11774.4082518995,0.6516666666666667,0.78
2020-08-15,156.0,219084951477.1745,309355.0,973628.0,11866.9103613092,0.6266666666666666,0.79
2020-08-16,152.0,219700556192.07544,293129.0,892624.0,11899.6427535944,0.6204166666666666,0.82
2020-08-17,125.0,227392906120.48355,289826.0,878796.0,12315.7624166569,0.73125,0.83
2020-08-18,140.0,221438441189.45932,345122.0,1008612.0,11992.6959962595,0.8244,0.82
2020-08-19,138.0,216724493356.5639,336660.0,988648.0,11736.8490645237,0.81375,0.8
2020-08-20,146.0,219148207449.64774,331546.0,994559.0,11867.5203439509,0.7558333333333332,0.75
2020-08-21,155.0,212828757688.56958,313078.0,1095556.0,11524.6989491525,0.7441666666666668,0.81
2020-08-22,136.0,215748935172.86255,308966.0,950674.0,11682.2891503799,0.71625,0.78
2020-08-23,157.0,215452337487.7431,287940.0,906460.0,11665.6092735243,0.6770833333333333,0.76
2020-08-24,149.0,217417299095.42206,334304.0,944242.0,11771.4080537405,0.7045833333333333,0.78
2020-08-25,128.0,209799151719.143,301021.0,951716.0,11358.4543202805,0.7672,0.75
2020-08-26,142.0,211907514133.8888,328396.0,1030264.0,11472.0491204559,0.775,0.76
2020-08-27,129.0,209009655884.56293,324735.0,947577.0,11314.6737410286,0.765,0.75
2020-08-28,163.0,212959896208.12213,352344.0,1080096.0,11527.8830322326,0.74125,0.74
2020-08-29,146.0,212284634016.18933,291205.0,972062.0,11490.7623477499,0.6833333333333332,0.79
2020-08-30,127.0,216140533746.53055,266126.0,821271.0,11698.9758329632,0.6954166666666667,0.75
2020-08-31,150.0,215770383728.23535,310357.0,935410.0,11678.3482268849,0.7220833333333333,0.75
2020-09-01,154.0,221177235000.27524,371778.0,1074307.0,11970.364856166,0.716,0.75
2020-09-02,144.0,210917142600.07455,320017.0,1029017.0,11414.5209336645,0.6691666666666667,0.83
2020-09-03,129.0,189619829718.60858,309835.0,983249.0,10261.4944095266,0.7283333333333333,0.79
2020-09-04,135.0,193517929900.993,300021.0,1004854.0,10471.9664133255,0.7908333333333333,0.4
2020-09-05,141.0,187182381369.08313,324594.0,984198.0,10128.64358609,0.705,0.41
2020-09-06,150.0,189495704608.09775,258964.0,988383.0,10253.2998980129,0.6608333333333333,0.41
2020-09-07,175.0,191624618868.97644,328020.0,1086059.0,10367.8783543542,0.6495833333333333,0.41
2020-09-08,155.0,186842946951.56564,329714.0,974053.0,10108.6354501461,0.74,0.41
2020-09-09,149.0,188968383425.9782,321941.0,968245.0,10223.1114091175,0.7670833333333333,0.38
2020-09-10,158.0,191039959916.7766,343183.0,1103924.0,10334.6307302162,0.72625,0.38
2020-09-11,138.0,192017369942.6865,308280.0,951505.0,10387.0207419638,0.6854166666666667,0.41
2020-09-12,170.0,192951979972.30695,297027.0,890683.0,10436.9778322618,0.6575,0.41
2020-09-13,162.0,190846477252.03787,256977.0,803998.0,10322.5236148451,0.6670833333333333,0.38
2020-09-14,176.0,197147876035.17258,353963.0,1016193.0,10662.719912332,0.6870833333333333,0.39
2020-09-15,156.0,199315386280.44418,335248.0,976024.0,10779.3810249562,0.77,0.47
2020-09-16,155.0,202819584769.55255,340027.0,1064243.0,10968.3205465809,0.8154166666666667,0.43
2020-09-17,178.0,202239512659.74203,347774.0,1101957.0,10936.2927505552,0.7804166666666668,0.48
2020-09-18,165.0,201951566927.16638,326660.0,974291.0,10920.1128439509,0.75125,0.49
2020-09-19,149.0,204803721045.65717,292875.0,892685.0,11073.7795478083,0.71125,0.48
2020-09-20,142.0,201991869981.67358,261651.0,820833.0,10921.2180998247,0.7141666666666667,0.52
2020-09-21,145.0,193385500705.58487,299730.0,946997.0,10455.3799623027,0.7725,0.48
2020-09-22,129.0,194586236941.46976,311008.0,968239.0,10519.8391641146,0.7948000000000001,0.39
2020-09-23,142.0,189295175073.38925,349540.0,1013565.0,10233.2995687317,0.8008333333333333,0.43
2020-09-24,137.0,198659587209.19556,318555.0,943668.0,10739.0427094097,0.7995833333333333,0.39
2020-09-25,169.0,197645812953.46774,345399.0,1140261.0,10683.6305806546,0.7870833333333332,0.46
2020-09-26,150.0,198736273241.69925,281747.0,952990.0,10742.0304202221,0.7383333333333333,0.45
2020-09-27,152.0,199057194328.15533,258919.0,784428.0,10758.8242899474,0.7183333333333333,0.47
2020-09-28,129.0,198483977030.04514,297685.0,884124.0,10727.3750541204,0.7820833333333332,0.43
2020-09-29,141.0,200598525114.73715,345931.0,998051.0,10841.1427444769,0.7931999999999999,0.45
2020-09-30,156.0,199336157853.55048,351403.0,1118241.0,10772.351766803,0.7516666666666667,0.49
2020-10-01,124.0,196277557842.57623,304377.0,922880.0,10606.6173325541,0.77375,0.45
2020-10-02,136.0,195610887017.89536,315938.0,996361.0,10570.1056777908,0.7979166666666667,0.41
2020-10-03,151.0,195354357355.87143,303899.0,1002444.0,10555.7054339567,0.7141666666666667,0.4
2020-10-04,158.0,197399052168.17538,274508.0,923546.0,10665.618622443,0.695,0.42
2020-10-05,140.0,199389146257.06778,295868.0,946902.0,10772.6355995909,0.7466666666666667,0.42
2020-10-06,130.0,196135347147.17117,318289.0,978521.0,10596.3735493863,0.7076,0.47
2020-10-07,151.0,197456284574.17596,369576.0,1063425.0,10667.1943941555,0.645,0.43
2020-10-08,162.0,201823517432.12747,329472.0,1033122.0,10902.5293637054,0.6816666666666668,0.46
2020-10-09,142.0,205009453844.92093,339374.0,1006667.0,11074.1036797779,0.73375,0.48
2020-10-10,143.0,209254297811.47684,294652.0,917402.0,11302.8542864407,0.7641666666666667,0.53
2020-10-11,140.0,210660289442.90372,257292.0,791020.0,11378.2625284629,0.7104166666666667,0.55
2020-10-12,149.0,213821025341.3694,315903.0,945894.0,11548.401556692,0.7716666666666667,0.52
2020-10-13,166.0,211732652073.08148,330320.0,1049377.0,11434.9687849211,0.7764,0.56
2020-10-14,149.0,211412571561.06912,318750.0,952949.0,11417.10811391,0.7675,0.53
2020-10-15,151.0,213006147807.5566,337702.0,1035214.0,11502.5812390415,0.79,0.56
2020-10-16,155.0,209987678424.63257,319791.0,973228.0,11338.9871765634,0.7816666666666667,0.52
2020-10-17,157.0,210439860963.43692,278655.0,851147.0,11362.8022174167,0.6945833333333333,0.56
2020-10-18,120.0,212797199544.38446,234650.0,744786.0,11489.6225650497,0.7079166666666667,0.55
2020-10-19,125.0,217551213059.64398,303148.0,930306.0,11745.8119675628,0.7929166666666667,0.55
2020-10-20,144.0,220963353768.35657,331386.0,1011847.0,11929.4572507306,0.6132,0.56
2020-10-21,130.0,237996587309.02542,308240.0,1013298.0,12848.4906177674,0.6208333333333333,0.61
2020-10-22,137.0,240767851351.292,341549.0,1048775.0,12997.4993417884,0.6670833333333333,0.73
2020-10-23,131.0,239962077749.97925,321018.0,977710.0,12953.4296969608,0.53625,0.74
2020-10-24,152.0,242946632969.98502,304224.0,1098917.0,13113.8669231444,0.46291666666666664,0.73
2020-10-25,117.0,241618117679.51013,242596.0,851199.0,13041.6410374635,0.46708333333333335,0.76
2020-10-26,110.0,242349930927.4959,255058.0,825846.0,13080.6561698422,0.48791666666666667,0.75
2020-10-27,99.0,253379717438.1369,255102.0,827512.0,13675.5239275278,0.6851999999999999,0.61
2020-10-28,100.0,246251140475.4076,259212.0,817505.0,13290.3288497954,0.8066666666666668,0.7
2020-10-29,108.0,249685959749.55634,277836.0,887772.0,13475.2173007013,0.6875,0.67
2020-10-30,111.0,252068603711.57968,267995.0,901403.0,13603.2960908825,0.65875,0.74
2020-10-31,113.0,255857310085.0028,274513.0,875335.0,13807.2336110462,0.6791666666666667,0.73
2020-11-01,125.0,254564701609.4508,276664.0,897445.0,13736.89941128,0.6479166666666667,0.72
2020-11-02,95.0,251953637578.66876,225214.0,777173.0,13595.5647603741,0.6616666666666667,0.71
2020-11-03,140.0,259403733547.65454,330051.0,1029970.0,13996.915398597312,0.5204,0.71
2020-11-04,159.0,261868434425.51367,319925.0,1175181.0,14129.148195499705,0.43041666666666667,0.74
2020-11-05,147.0,289263271222.87427,319993.0,1071518.0,15606.46683372297,0.6504166666666668,0.72
2020-11-06,153.0,289509996782.305,334639.0,1080743.0,15618.972471361778,0.7533333333333333,0.9
2020-11-07,146.0,275573226966.5251,273328.0,1055012.0,14866.356304500296,0.5908333333333333,0.88
2020-11-08,138.0,287332273623.7842,243396.0,920529.0,15500.000707188785,0.5445833333333333,0.82
2020-11-09,185.0,284009875050.11597,320528.0,1188873.0,15319.819972530682,0.5875,0.9
2020-11-10,147.0,284013859076.82196,308276.0,1026623.0,15319.275676212741,0.5018181818181818,0.9
2020-11-11,147.0,291666002991.4365,318925.0,1004339.0,15731.241105786092,,0.86
2020-11-12,160.0,302038563120.4417,329630.0,1064270.0,16289.814897720635,,0.87
2020-11-13,139.0,302799008120.85767,301426.0,999523.0,16330.06276797195,,0.89
2020-11-14,142.0,298584647008.3884,272079.0,915336.0,16102.010016949156,,0.9
2020-11-15,150.0,296462424309.67584,248137.0,845204.0,15986.7549905903,,0.86
2020-11-16,160.0,310504166190.32697,312340.0,1041491.0,16743.05393980129,,0.9
2020-11-17,157.0,327937646387.3307,350945.0,1142716.0,17682.16918702513,0.7185714285714286,0.86
2020-11-18,169.0,330228752696.0765,362407.0,1197076.0,17804.690023962594,0.76,0.91
2020-11-19,137.0,330503275790.7681,309724.0,1052034.0,17818.668662185857,0.58625,0.94
2020-11-20,168.0,346198155989.3956,346562.0,1177776.0,18663.78185312683,0.6029166666666667,0.86
2020-11-21,169.0,347011959222.6888,308830.0,1007240.0,18706.58933541788,0.6316666666666666,0.91
2020-11-22,174.0,342878718720.17664,273653.0,875364.0,18482.692631735823,0.56625,0.94
2020-11-23,147.0,340865435612.13654,301519.0,1014814.0,18373.257759789598,0.5670833333333334,0.9
2020-11-24,136.0,355296694015.8317,330918.0,1052398.0,19150.251048509646,0.6884,0.88
